<?xml version="1.0" encoding="UTF-8"?>
<project-private xmlns="http://www.netbeans.org/ns/project-private/1">
    <editor-bookmarks xmlns="http://www.netbeans.org/ns/editor-bookmarks/2" lastBookmarkId="0"/>
    <open-files xmlns="http://www.netbeans.org/ns/projectui-open-files/2">
        <group>
            <file>file:/Volumes/KINGSTON/Skripsi/Calcudoku/src/model/Board.java</file>
            <file>file:/Volumes/KINGSTON/Skripsi/Calcudoku/src/model/Cage.java</file>
            <file>file:/Volumes/KINGSTON/Skripsi/Calcudoku/src/controller/Controller.java</file>
            <file>file:/Volumes/KINGSTON/Skripsi/Calcudoku/src/view/Tester.java</file>
            <file>file:/Volumes/KINGSTON/Skripsi/Calcudoku/src/model/Cell.java</file>
            <file>file:/Volumes/KINGSTON/Skripsi/Calcudoku/src/view/Main.java</file>
        </group>
    </open-files>
</project-private>
